<?xml version="1.0" encoding="UTF-8"?>
<project name="binary_container_1">
  <platform vendor="xilinx" boardid="aws-vu9p-f1-04261818" name="dynamic" featureRomTime="0">
    <version major="5" minor="0"/>
    <description/>
    <board name="amazon:minotaur-vu9p-f1:1.0" vendor="amazon" fpga="">
      <interfaces>
        <interface id="int1" name="PCIe" type="gen3x16"/>
      </interfaces>
      <memories>
        <memory name="mem0" type="ddr4" size="16GB"/>
        <memory name="mem1" type="ddr4" size="16GB"/>
        <memory name="mem2" type="ddr4" size="16GB"/>
        <memory name="mem3" type="ddr4" size="16GB"/>
      </memories>
      <images>
        <image name="" type="HDPI"/>
        <image name="" type="MDPI"/>
        <image name="" type="LDPI"/>
      </images>
      <id>
        <vendor/>
        <device/>
        <subsystem/>
      </id>
    </board>
    <build_flow/>
    <host architecture="x86_64"/>
    <device name="fpga0" fpgaDevice="virtexuplus:xcvu9p:flgb2104:-2:i" addrWidth="0">
      <systemClocks>
        <clock port="clk_main_a0" frequency="250.0MHz" name="clk_main_a0"/>
      </systemClocks>
      <core name="OCL_REGION_0" target="bitstream" type="clc_region" clockFreq="0MHz" numComputeUnits="60">
        <kernelClocks>
          <clock port="DATA_CLK" frequency="250.0MHz" name="clk_extra_b0"/>
          <clock port="KERNEL_CLK" frequency="500.0MHz" name="clk_extra_c0"/>
        </kernelClocks>
        <kernel name="KVAdd" language="ip_c" vlnv="Xilinx:kernel:KVAdd:1.0" preferredWorkGroupSizeMultiple="0" workGroupSize="1" debug="false" interrupt="true">
          <port name="s_axi_control" mode="slave" range="0x1000" dataWidth="32" portType="addressable" base="0x0"/>
          <port name="m00_axi" mode="master" range="0xFFFFFFFFFFFFFFFF" dataWidth="512" portType="addressable" base="0x0"/>
          <port name="m01_axi" mode="master" range="0xFFFFFFFFFFFFFFFF" dataWidth="512" portType="addressable" base="0x0"/>
          <port name="m02_axi" mode="master" range="0xFFFFFFFFFFFFFFFF" dataWidth="512" portType="addressable" base="0x0"/>
          <arg name="scalar00" addressQualifier="0" id="0" port="s_axi_control" size="0x4" offset="0x010" hostOffset="0x0" hostSize="0x4" type="uint"/>
          <arg name="A" addressQualifier="1" id="1" port="m00_axi" size="0x8" offset="0x018" hostOffset="0x0" hostSize="0x8" type="int*"/>
          <arg name="B" addressQualifier="1" id="2" port="m01_axi" size="0x8" offset="0x020" hostOffset="0x0" hostSize="0x8" type="int*"/>
          <arg name="Res" addressQualifier="1" id="3" port="m02_axi" size="0x8" offset="0x028" hostOffset="0x0" hostSize="0x8" type="int*"/>
          <maxWorkGroupSize x="0" y="0" z="0"/>
          <string_table/>
          <instance name="KVAdd_1">
            <addrRemap base="0x0000000" port="s_axi_control"/>
          </instance>
        </kernel>
        <connection srcType="core" srcInst="OCL_REGION_0" srcPort="interconnect_axilite_user_M02_AXI" dstType="kernel" dstInst="KVAdd_1" dstPort="s_axi_control"/>
        <connection srcType="core" srcInst="OCL_REGION_0" srcPort="HIP_DDR4_MEM00" dstType="kernel" dstInst="KVAdd_1" dstPort="m00_axi"/>
        <connection srcType="core" srcInst="OCL_REGION_0" srcPort="HIP_DDR4_MEM00" dstType="kernel" dstInst="KVAdd_1" dstPort="m01_axi"/>
        <connection srcType="core" srcInst="OCL_REGION_0" srcPort="HIP_DDR4_MEM00" dstType="kernel" dstInst="KVAdd_1" dstPort="m02_axi"/>
      </core>
    </device>
  </platform>
</project>
