{
  "version": "2018.3",
  "applications": [],
  "platforms": [],
  "systems": [
    {
      "name": "debug_system",
      "platform": "/home/centos/src/project_data/aws-fpga/SDAccel/aws_platform/xilinx_aws-vu9p-f1-04261818_dynamic_5_0/xilinx_aws-vu9p-f1-04261818_dynamic_5_0.xpfm",
      "sysConfig": "Linux on x86",
      "applications": [
        {
          "name": "debug",
          "platform": "/home/centos/src/project_data/aws-fpga/SDAccel/aws_platform/xilinx_aws-vu9p-f1-04261818_dynamic_5_0/xilinx_aws-vu9p-f1-04261818_dynamic_5_0.xpfm",
          "platformPath": "/home/centos/src/project_data/aws-fpga/SDAccel/aws_platform/xilinx_aws-vu9p-f1-04261818_dynamic_5_0",
          "sysConfig": "Linux on x86",
          "domain": "",
          "system": "debug_system"
        }
      ],
      "platformPath": "/home/centos/src/project_data/aws-fpga/SDAccel/aws_platform/xilinx_aws-vu9p-f1-04261818_dynamic_5_0"
    }
  ],
  "others": []
}