SDAccel Profile Summary
Generated on: 2019-05-08 13:59:38
Msec since Epoch: 1557323978761
Profiled application: hello_world.exe
Target platform: Xilinx
Tool version: 2018.3
Target devices: xilinx_aws-vu9p-f1-04261818_dynamic_5_0-0
Flow mode: System Run

OpenCL API Calls
API Name,Number Of Calls,Total Time (ms),Minimum Time (ms),Average Time (ms),Maximum Time (ms),
clCreateProgramWithBinary,1,2452.27,2452.27,2452.27,2452.27,
clReleaseKernel,1,20.7653,20.7653,20.7653,20.7653,
clEnqueueTask,1,8.75452,8.75452,8.75452,8.75452,
clFinish,1,0.272541,0.272541,0.272541,0.272541,
clEnqueueMigrateMemObjects,2,0.095533,0.009247,0.0477665,0.086286,
clGetPlatformIDs,2,0.073815,0.00102,0.0369075,0.072795,
clCreateBuffer,3,0.067907,0.006391,0.0226357,0.053094,
clReleaseMemObject,9,0.016896,0.000704,0.00187733,0.008812,
clReleaseContext,1,0.014743,0.014743,0.014743,0.014743,
clCreateKernel,1,0.014436,0.014436,0.014436,0.014436,
clRetainMemObject,6,0.012412,0.001144,0.00206867,0.003786,
clSetKernelArg,4,0.008451,0.001311,0.00211275,0.004176,
clCreateContext,1,0.008046,0.008046,0.008046,0.008046,
clGetDeviceInfo,2,0.007299,0.002408,0.0036495,0.004891,
clGetDeviceIDs,2,0.007047,0.000976,0.0035235,0.006071,
clCreateCommandQueue,1,0.005745,0.005745,0.005745,0.005745,
clGetPlatformInfo,2,0.00517,0.000915,0.002585,0.004255,
clReleaseCommandQueue,1,0.00482,0.00482,0.00482,0.00482,
clRetainDevice,2,0.003732,0.001214,0.001866,0.002518,
clReleaseDevice,2,0.003283,0.001182,0.0016415,0.002101,
clReleaseProgram,1,0.001782,0.001782,0.001782,0.001782,


Kernel Execution
Kernel,Number Of Enqueues,Total Time (ms),Minimum Time (ms),Average Time (ms),Maximum Time (ms),
krnl_vadd,1,0.178284,0.178284,0.178284,0.178284,


Compute Unit Utilization
Device,Compute Unit,Kernel,Global Work Size,Local Work Size,Number Of Calls,Total Time (ms),Minimum Time (ms),Average Time (ms),Maximum Time (ms),Clock Frequency (MHz),


Compute Units: Stall Information
Compute Unit,Execution Count,Running Time (ms),Intra-Kernel Dataflow Stalls (ms),External Memory Stalls (ms),Inter-Kernel Pipe Stalls (ms),
Host,0,0,0,0,0,
Kernels,0,0,0,0,0,


Data Transfer: Host and Global Memory
Context:Number of Devices,Transfer Type,Number Of Transfers,Transfer Rate (MB/s),Average Bandwidth Utilization (%),Average Size (KB),Total Time (ms),Average Time (ms),
context0:1,READ,1,221.678009,2.309146,16.384,0.073909,0.073909,
context0:1,WRITE,1,322.459383,3.358952,32.768,0.101619,0.101619,


Data Transfer: Kernels and Global Memory
Device,Compute Unit/Port Name,Kernel Arguments,Memory Resources,Transfer Type,Number Of Transfers,Transfer Rate (MB/s),Average Bandwidth Utilization (%),Average Size (KB),Average Latency (ns),


Data Transfer: Streams between Host and Kernels
Device,Compute Unit/Port Name,Kernel Arguments,Number Of Transfers,Transfer Rate (MB/s),Average Size (KB),Link Utilization (%),Link Starve (%),Link Stall (%),


Top Data Transfer: Kernels and Global Memory
Device,Compute Unit,Number of Transfers,Average Bytes per Transfer,Transfer Efficiency (%),Total Data Transfer (MB),Total Write (MB),Total Read (MB),Total Transfer Rate (MB/s),


Top Kernel Execution
Kernel Instance Address,Kernel,Context ID,Command Queue ID,Device,Start Time (ms),Duration (ms),Global Work Size,Local Work Size,
38977600,krnl_vadd,0,0,xilinx_aws-vu9p-f1-04261818_dynamic_5_0-0,2857.92,0.178284,1:1:1,1:1:1,


Top Buffer Writes
Buffer Address,Context ID,Command Queue ID,Start Time (ms),Duration (ms),Buffer Size (KB),Writing Rate(MB/s),
0,0,0,2849.21,0.101619,32.768,322.459383,


Top Buffer Reads
Buffer Address,Context ID,Command Queue ID,Start Time (ms),Duration (ms),Buffer Size (KB),Reading Rate(MB/s),
32768,0,0,2858.16,0.073909,16.384,221.678009,


PRC Parameters
Parameter,Element,Value,
DEVICE_EXEC_TIME,xilinx_aws-vu9p-f1-04261818_dynamic_5_0-0,0.178284,
CU_CALLS,xilinx_aws-vu9p-f1-04261818_dynamic_5_0-0|krnl_vadd_1,1,
MEMORY_BIT_WIDTH,xilinx_aws-vu9p-f1-04261818_dynamic_5_0-0,512,
MIGRATE_MEM,host,2,
DDR_BANKS,DDR[0],1,
PORT_BIT_WIDTH,krnl_vadd_1/m_axi_gmem,32,
KERNEL_COUNT,krnl_vadd,1,
OBJECTS_RELEASED,all,1,

