SDAccel Profile Summary
Generated on: 2019-05-08 14:54:34
Msec since Epoch: 1557327274485
Profiled application: debug.exe
Target platform: Xilinx
Tool version: 2018.3
Target devices: xilinx_aws-vu9p-f1-04261818_dynamic_5_0-0
Flow mode: System Run

OpenCL API Calls
API Name,Number Of Calls,Total Time (ms),Minimum Time (ms),Average Time (ms),Maximum Time (ms),
clCreateProgramWithBinary,1,3061.3,3061.3,3061.3,3061.3,
clReleaseKernel,1,26.8812,26.8812,26.8812,26.8812,
clEnqueueTask,1,11.7624,11.7624,11.7624,11.7624,
clEnqueueWriteBuffer,3,0.384207,0.087359,0.128069,0.194589,
clEnqueueReadBuffer,3,0.37019,0.106779,0.123397,0.145873,
clCreateBuffer,3,0.168737,0.023809,0.0562457,0.11931,
clFinish,1,0.115778,0.115778,0.115778,0.115778,
clSetKernelArg,4,0.019851,0.002841,0.00496275,0.009749,
clGetPlatformIDs,1,0.018125,0.018125,0.018125,0.018125,
clCreateKernel,1,0.012124,0.012124,0.012124,0.012124,
clCreateContext,1,0.008659,0.008659,0.008659,0.008659,
clGetDeviceIDs,1,0.008267,0.008267,0.008267,0.008267,
clGetDeviceInfo,1,0.007006,0.007006,0.007006,0.007006,
clReleaseMemObject,3,0.005511,0.001496,0.001837,0.002233,
clCreateCommandQueue,1,0.005261,0.005261,0.005261,0.005261,
clReleaseCommandQueue,1,0.00506,0.00506,0.00506,0.00506,
clBuildProgram,1,0.004992,0.004992,0.004992,0.004992,
clWaitForEvents,1,0.004313,0.004313,0.004313,0.004313,
clReleaseProgram,1,0.002178,0.002178,0.002178,0.002178,
clGetPlatformInfo,1,0.001848,0.001848,0.001848,0.001848,
clReleaseContext,1,0.001844,0.001844,0.001844,0.001844,


Kernel Execution
Kernel,Number Of Enqueues,Total Time (ms),Minimum Time (ms),Average Time (ms),Maximum Time (ms),
KVAdd,1,0.147868,0.147868,0.147868,0.147868,


Compute Unit Utilization
Device,Compute Unit,Kernel,Global Work Size,Local Work Size,Number Of Calls,Total Time (ms),Minimum Time (ms),Average Time (ms),Maximum Time (ms),Clock Frequency (MHz),


Compute Units: Stall Information
Compute Unit,Execution Count,Running Time (ms),Intra-Kernel Dataflow Stalls (ms),External Memory Stalls (ms),Inter-Kernel Pipe Stalls (ms),
Host,0,0,0,0,0,
Kernels,0,0,0,0,0,


Data Transfer: Host and Global Memory
Context:Number of Devices,Transfer Type,Number Of Transfers,Transfer Rate (MB/s),Average Bandwidth Utilization (%),Average Size (KB),Total Time (ms),Average Time (ms),
context0:1,READ,3,271.122119,2.824189,16.384,0.181291,0.060430,
context0:1,WRITE,1,21.582592,0.224819,49.152,2.277391,2.277391,


Data Transfer: Kernels and Global Memory
Device,Compute Unit/Port Name,Kernel Arguments,Memory Resources,Transfer Type,Number Of Transfers,Transfer Rate (MB/s),Average Bandwidth Utilization (%),Average Size (KB),Average Latency (ns),


Data Transfer: Streams between Host and Kernels
Device,Compute Unit/Port Name,Kernel Arguments,Number Of Transfers,Transfer Rate (MB/s),Average Size (KB),Link Utilization (%),Link Starve (%),Link Stall (%),


Top Data Transfer: Kernels and Global Memory
Device,Compute Unit,Number of Transfers,Average Bytes per Transfer,Transfer Efficiency (%),Total Data Transfer (MB),Total Write (MB),Total Read (MB),Total Transfer Rate (MB/s),


Top Kernel Execution
Kernel Instance Address,Kernel,Context ID,Command Queue ID,Device,Start Time (ms),Duration (ms),Global Work Size,Local Work Size,
30024768,KVAdd,0,0,xilinx_aws-vu9p-f1-04261818_dynamic_5_0-0,5474.25,0.147868,1:1:1,1:1:1,


Top Buffer Writes
Buffer Address,Context ID,Command Queue ID,Start Time (ms),Duration (ms),Buffer Size (KB),Writing Rate(MB/s),
0,0,0,5462.65,2.277391,49.152,21.582592,


Top Buffer Reads
Buffer Address,Context ID,Command Queue ID,Start Time (ms),Duration (ms),Buffer Size (KB),Reading Rate(MB/s),
0,0,0,5474.49,0.073661,16.384,222.424349,
16384,0,0,5474.63,0.055876,16.384,293.220703,
32768,0,0,5474.75,0.051754,16.384,316.574564,


PRC Parameters
Parameter,Element,Value,
DEVICE_EXEC_TIME,xilinx_aws-vu9p-f1-04261818_dynamic_5_0-0,0.147868,
CU_CALLS,xilinx_aws-vu9p-f1-04261818_dynamic_5_0-0|KVAdd_1,1,
MEMORY_BIT_WIDTH,xilinx_aws-vu9p-f1-04261818_dynamic_5_0-0,512,
MIGRATE_MEM,host,0,
DDR_BANKS,DDR[0],3,
PORT_BIT_WIDTH,KVAdd_1/m00_axi,512,
PORT_BIT_WIDTH,KVAdd_1/m01_axi,512,
PORT_BIT_WIDTH,KVAdd_1/m02_axi,512,
KERNEL_COUNT,KVAdd,1,
OBJECTS_RELEASED,all,1,

