<?xml version="1.0" encoding="UTF-8"?>
<root versionMajor="1" versionMinor="5">
  <kernel name="krnl_vadd" language="clc" vlnv="xilinx.com:hls:krnl_vadd:1.0" attributes="" hash="gZuAX0DyvaBv297SPYk../" preferredWorkGroupSizeMultiple="0" workGroupSize="1" debug="false" compileOptions="-I /home/centos/workspace/hello_world/src" profileType="" interrupt="true">
    <ports>
      <port name="M_AXI_GMEM" mode="master" range="0xFFFFFFFF" dataWidth="32" portType="addressable" base="0x0"/>
      <port name="S_AXI_CONTROL" mode="slave" range="0x1000" dataWidth="32" portType="addressable" base="0x0"/>
    </ports>
    <args>
      <arg name="a" addressQualifier="1" id="0" port="M_AXI_GMEM" size="0x8" offset="0x10" hostOffset="0x0" hostSize="0x8" type="int*"/>
      <arg name="b" addressQualifier="1" id="1" port="M_AXI_GMEM" size="0x8" offset="0x1C" hostOffset="0x0" hostSize="0x8" type="int*"/>
      <arg name="c" addressQualifier="1" id="2" port="M_AXI_GMEM" size="0x8" offset="0x28" hostOffset="0x0" hostSize="0x8" type="int*"/>
      <arg name="n_elements" addressQualifier="0" id="3" port="S_AXI_CONTROL" size="0x4" offset="0x34" hostOffset="0x0" hostSize="0x4" type="int"/>
    </args>
    <compileWorkGroupSize x="1" y="1" z="1"/>
    <maxWorkGroupSize x="0" y="0" z="0"/>
  </kernel>
  <profile>
    <RTLDesignHierarchy>
      <TopModule>
        <ModuleName>krnl_vadd</ModuleName>
      </TopModule>
    </RTLDesignHierarchy>
    <ModuleInformation>
      <Module>
        <Name>krnl_vadd</Name>
        <PerformanceEstimates>
          <SummaryOfTimingAnalysis>
            <TargetClockPeriod>4</TargetClockPeriod>
            <ClockUncertainty>1.08</ClockUncertainty>
            <EstimatedClockPeriod>3.069</EstimatedClockPeriod>
          </SummaryOfTimingAnalysis>
          <SummaryOfOverallLatency>
            <Best-caseLatency>1</Best-caseLatency>
            <Average-caseLatency>undef</Average-caseLatency>
            <Worst-caseLatency>undef</Worst-caseLatency>
            <PipelineInitiationInterval>2 ~ 0</PipelineInitiationInterval>
            <PipelineType>none</PipelineType>
          </SummaryOfOverallLatency>
          <SummaryOfLoopLatency/>
        </PerformanceEstimates>
        <AreaEstimates>
          <Resources>
            <BRAM_18K>3</BRAM_18K>
            <FF>1989</FF>
            <LUT>2889</LUT>
          </Resources>
        </AreaEstimates>
        <InterfaceSummary>
          <RtlPorts>
            <name>s_axi_control_AWVALID</name>
            <Object>control</Object>
            <Type>scalar</Type>
            <Scope/>
            <IOProtocol>s_axi</IOProtocol>
            <IOConfig/>
            <Dir>in</Dir>
            <Bits>1</Bits>
            <Attribute>unknown</Attribute>
            <CType>int</CType>
          </RtlPorts>
          <RtlPorts>
            <name>s_axi_control_AWREADY</name>
            <Object>control</Object>
            <Type>scalar</Type>
            <Scope/>
            <IOProtocol>s_axi</IOProtocol>
            <IOConfig/>
            <Dir>out</Dir>
            <Bits>1</Bits>
            <Attribute>unknown</Attribute>
            <CType>int</CType>
          </RtlPorts>
          <RtlPorts>
            <name>s_axi_control_AWADDR</name>
            <Object>control</Object>
            <Type>scalar</Type>
            <Scope/>
            <IOProtocol>s_axi</IOProtocol>
            <IOConfig/>
            <Dir>in</Dir>
            <Bits>6</Bits>
            <Attribute>unknown</Attribute>
            <CType>int</CType>
          </RtlPorts>
          <RtlPorts>
            <name>s_axi_control_WVALID</name>
            <Object>control</Object>
            <Type>scalar</Type>
            <Scope/>
            <IOProtocol>s_axi</IOProtocol>
            <IOConfig/>
            <Dir>in</Dir>
            <Bits>1</Bits>
            <Attribute>unknown</Attribute>
            <CType>int</CType>
          </RtlPorts>
          <RtlPorts>
            <name>s_axi_control_WREADY</name>
            <Object>control</Object>
            <Type>scalar</Type>
            <Scope/>
            <IOProtocol>s_axi</IOProtocol>
            <IOConfig/>
            <Dir>out</Dir>
            <Bits>1</Bits>
            <Attribute>unknown</Attribute>
            <CType>int</CType>
          </RtlPorts>
          <RtlPorts>
            <name>s_axi_control_WDATA</name>
            <Object>control</Object>
            <Type>scalar</Type>
            <Scope/>
            <IOProtocol>s_axi</IOProtocol>
            <IOConfig/>
            <Dir>in</Dir>
            <Bits>32</Bits>
            <Attribute>unknown</Attribute>
            <CType>int</CType>
          </RtlPorts>
          <RtlPorts>
            <name>s_axi_control_WSTRB</name>
            <Object>control</Object>
            <Type>scalar</Type>
            <Scope/>
            <IOProtocol>s_axi</IOProtocol>
            <IOConfig/>
            <Dir>in</Dir>
            <Bits>4</Bits>
            <Attribute>unknown</Attribute>
            <CType>int</CType>
          </RtlPorts>
          <RtlPorts>
            <name>s_axi_control_ARVALID</name>
            <Object>control</Object>
            <Type>scalar</Type>
            <Scope/>
            <IOProtocol>s_axi</IOProtocol>
            <IOConfig/>
            <Dir>in</Dir>
            <Bits>1</Bits>
            <Attribute>unknown</Attribute>
            <CType>int</CType>
          </RtlPorts>
          <RtlPorts>
            <name>s_axi_control_ARREADY</name>
            <Object>control</Object>
            <Type>scalar</Type>
            <Scope/>
            <IOProtocol>s_axi</IOProtocol>
            <IOConfig/>
            <Dir>out</Dir>
            <Bits>1</Bits>
            <Attribute>unknown</Attribute>
            <CType>int</CType>
          </RtlPorts>
          <RtlPorts>
            <name>s_axi_control_ARADDR</name>
            <Object>control</Object>
            <Type>scalar</Type>
            <Scope/>
            <IOProtocol>s_axi</IOProtocol>
            <IOConfig/>
            <Dir>in</Dir>
            <Bits>6</Bits>
            <Attribute>unknown</Attribute>
            <CType>int</CType>
          </RtlPorts>
          <RtlPorts>
            <name>s_axi_control_RVALID</name>
            <Object>control</Object>
            <Type>scalar</Type>
            <Scope/>
            <IOProtocol>s_axi</IOProtocol>
            <IOConfig/>
            <Dir>out</Dir>
            <Bits>1</Bits>
            <Attribute>unknown</Attribute>
            <CType>int</CType>
          </RtlPorts>
          <RtlPorts>
            <name>s_axi_control_RREADY</name>
            <Object>control</Object>
            <Type>scalar</Type>
            <Scope/>
            <IOProtocol>s_axi</IOProtocol>
            <IOConfig/>
            <Dir>in</Dir>
            <Bits>1</Bits>
            <Attribute>unknown</Attribute>
            <CType>int</CType>
          </RtlPorts>
          <RtlPorts>
            <name>s_axi_control_RDATA</name>
            <Object>control</Object>
            <Type>scalar</Type>
            <Scope/>
            <IOProtocol>s_axi</IOProtocol>
            <IOConfig/>
            <Dir>out</Dir>
            <Bits>32</Bits>
            <Attribute>unknown</Attribute>
            <CType>int</CType>
          </RtlPorts>
          <RtlPorts>
            <name>s_axi_control_RRESP</name>
            <Object>control</Object>
            <Type>scalar</Type>
            <Scope/>
            <IOProtocol>s_axi</IOProtocol>
            <IOConfig/>
            <Dir>out</Dir>
            <Bits>2</Bits>
            <Attribute>unknown</Attribute>
            <CType>int</CType>
          </RtlPorts>
          <RtlPorts>
            <name>s_axi_control_BVALID</name>
            <Object>control</Object>
            <Type>scalar</Type>
            <Scope/>
            <IOProtocol>s_axi</IOProtocol>
            <IOConfig/>
            <Dir>out</Dir>
            <Bits>1</Bits>
            <Attribute>unknown</Attribute>
            <CType>int</CType>
          </RtlPorts>
          <RtlPorts>
            <name>s_axi_control_BREADY</name>
            <Object>control</Object>
            <Type>scalar</Type>
            <Scope/>
            <IOProtocol>s_axi</IOProtocol>
            <IOConfig/>
            <Dir>in</Dir>
            <Bits>1</Bits>
            <Attribute>unknown</Attribute>
            <CType>int</CType>
          </RtlPorts>
          <RtlPorts>
            <name>s_axi_control_BRESP</name>
            <Object>control</Object>
            <Type>scalar</Type>
            <Scope/>
            <IOProtocol>s_axi</IOProtocol>
            <IOConfig/>
            <Dir>out</Dir>
            <Bits>2</Bits>
            <Attribute>unknown</Attribute>
            <CType>int</CType>
          </RtlPorts>
          <RtlPorts>
            <name>ap_clk</name>
            <Object>krnl_vadd</Object>
            <Type>return value</Type>
            <Scope/>
            <IOProtocol>ap_ctrl_hs</IOProtocol>
            <IOConfig/>
            <Dir>in</Dir>
            <Bits>1</Bits>
            <Attribute>control</Attribute>
          </RtlPorts>
          <RtlPorts>
            <name>ap_rst_n</name>
            <Object>krnl_vadd</Object>
            <Type>return value</Type>
            <Scope/>
            <IOProtocol>ap_ctrl_hs</IOProtocol>
            <IOConfig/>
            <Dir>in</Dir>
            <Bits>1</Bits>
            <Attribute>control</Attribute>
          </RtlPorts>
          <RtlPorts>
            <name>interrupt</name>
            <Object>krnl_vadd</Object>
            <Type>return value</Type>
            <Scope/>
            <IOProtocol>ap_ctrl_hs</IOProtocol>
            <IOConfig/>
            <Dir>out</Dir>
            <Bits>1</Bits>
            <Attribute>unknown</Attribute>
          </RtlPorts>
          <RtlPorts>
            <name>m_axi_gmem_AWVALID</name>
            <Object>gmem</Object>
            <Type>pointer</Type>
            <Scope/>
            <IOProtocol>m_axi</IOProtocol>
            <IOConfig/>
            <Dir>out</Dir>
            <Bits>1</Bits>
            <Attribute>unknown</Attribute>
            <CType>int</CType>
          </RtlPorts>
          <RtlPorts>
            <name>m_axi_gmem_AWREADY</name>
            <Object>gmem</Object>
            <Type>pointer</Type>
            <Scope/>
            <IOProtocol>m_axi</IOProtocol>
            <IOConfig/>
            <Dir>in</Dir>
            <Bits>1</Bits>
            <Attribute>unknown</Attribute>
            <CType>int</CType>
          </RtlPorts>
          <RtlPorts>
            <name>m_axi_gmem_AWADDR</name>
            <Object>gmem</Object>
            <Type>pointer</Type>
            <Scope/>
            <IOProtocol>m_axi</IOProtocol>
            <IOConfig/>
            <Dir>out</Dir>
            <Bits>64</Bits>
            <Attribute>unknown</Attribute>
            <CType>int</CType>
          </RtlPorts>
          <RtlPorts>
            <name>m_axi_gmem_AWID</name>
            <Object>gmem</Object>
            <Type>pointer</Type>
            <Scope/>
            <IOProtocol>m_axi</IOProtocol>
            <IOConfig/>
            <Dir>out</Dir>
            <Bits>1</Bits>
            <Attribute>unknown</Attribute>
            <CType>int</CType>
          </RtlPorts>
          <RtlPorts>
            <name>m_axi_gmem_AWLEN</name>
            <Object>gmem</Object>
            <Type>pointer</Type>
            <Scope/>
            <IOProtocol>m_axi</IOProtocol>
            <IOConfig/>
            <Dir>out</Dir>
            <Bits>8</Bits>
            <Attribute>unknown</Attribute>
            <CType>int</CType>
          </RtlPorts>
          <RtlPorts>
            <name>m_axi_gmem_AWSIZE</name>
            <Object>gmem</Object>
            <Type>pointer</Type>
            <Scope/>
            <IOProtocol>m_axi</IOProtocol>
            <IOConfig/>
            <Dir>out</Dir>
            <Bits>3</Bits>
            <Attribute>unknown</Attribute>
            <CType>int</CType>
          </RtlPorts>
          <RtlPorts>
            <name>m_axi_gmem_AWBURST</name>
            <Object>gmem</Object>
            <Type>pointer</Type>
            <Scope/>
            <IOProtocol>m_axi</IOProtocol>
            <IOConfig/>
            <Dir>out</Dir>
            <Bits>2</Bits>
            <Attribute>unknown</Attribute>
            <CType>int</CType>
          </RtlPorts>
          <RtlPorts>
            <name>m_axi_gmem_AWLOCK</name>
            <Object>gmem</Object>
            <Type>pointer</Type>
            <Scope/>
            <IOProtocol>m_axi</IOProtocol>
            <IOConfig/>
            <Dir>out</Dir>
            <Bits>2</Bits>
            <Attribute>unknown</Attribute>
            <CType>int</CType>
          </RtlPorts>
          <RtlPorts>
            <name>m_axi_gmem_AWCACHE</name>
            <Object>gmem</Object>
            <Type>pointer</Type>
            <Scope/>
            <IOProtocol>m_axi</IOProtocol>
            <IOConfig/>
            <Dir>out</Dir>
            <Bits>4</Bits>
            <Attribute>unknown</Attribute>
            <CType>int</CType>
          </RtlPorts>
          <RtlPorts>
            <name>m_axi_gmem_AWPROT</name>
            <Object>gmem</Object>
            <Type>pointer</Type>
            <Scope/>
            <IOProtocol>m_axi</IOProtocol>
            <IOConfig/>
            <Dir>out</Dir>
            <Bits>3</Bits>
            <Attribute>unknown</Attribute>
            <CType>int</CType>
          </RtlPorts>
          <RtlPorts>
            <name>m_axi_gmem_AWQOS</name>
            <Object>gmem</Object>
            <Type>pointer</Type>
            <Scope/>
            <IOProtocol>m_axi</IOProtocol>
            <IOConfig/>
            <Dir>out</Dir>
            <Bits>4</Bits>
            <Attribute>unknown</Attribute>
            <CType>int</CType>
          </RtlPorts>
          <RtlPorts>
            <name>m_axi_gmem_AWREGION</name>
            <Object>gmem</Object>
            <Type>pointer</Type>
            <Scope/>
            <IOProtocol>m_axi</IOProtocol>
            <IOConfig/>
            <Dir>out</Dir>
            <Bits>4</Bits>
            <Attribute>unknown</Attribute>
            <CType>int</CType>
          </RtlPorts>
          <RtlPorts>
            <name>m_axi_gmem_AWUSER</name>
            <Object>gmem</Object>
            <Type>pointer</Type>
            <Scope/>
            <IOProtocol>m_axi</IOProtocol>
            <IOConfig/>
            <Dir>out</Dir>
            <Bits>1</Bits>
            <Attribute>unknown</Attribute>
            <CType>int</CType>
          </RtlPorts>
          <RtlPorts>
            <name>m_axi_gmem_WVALID</name>
            <Object>gmem</Object>
            <Type>pointer</Type>
            <Scope/>
            <IOProtocol>m_axi</IOProtocol>
            <IOConfig/>
            <Dir>out</Dir>
            <Bits>1</Bits>
            <Attribute>unknown</Attribute>
            <CType>int</CType>
          </RtlPorts>
          <RtlPorts>
            <name>m_axi_gmem_WREADY</name>
            <Object>gmem</Object>
            <Type>pointer</Type>
            <Scope/>
            <IOProtocol>m_axi</IOProtocol>
            <IOConfig/>
            <Dir>in</Dir>
            <Bits>1</Bits>
            <Attribute>unknown</Attribute>
            <CType>int</CType>
          </RtlPorts>
          <RtlPorts>
            <name>m_axi_gmem_WDATA</name>
            <Object>gmem</Object>
            <Type>pointer</Type>
            <Scope/>
            <IOProtocol>m_axi</IOProtocol>
            <IOConfig/>
            <Dir>out</Dir>
            <Bits>32</Bits>
            <Attribute>unknown</Attribute>
            <CType>int</CType>
          </RtlPorts>
          <RtlPorts>
            <name>m_axi_gmem_WSTRB</name>
            <Object>gmem</Object>
            <Type>pointer</Type>
            <Scope/>
            <IOProtocol>m_axi</IOProtocol>
            <IOConfig/>
            <Dir>out</Dir>
            <Bits>4</Bits>
            <Attribute>unknown</Attribute>
            <CType>int</CType>
          </RtlPorts>
          <RtlPorts>
            <name>m_axi_gmem_WLAST</name>
            <Object>gmem</Object>
            <Type>pointer</Type>
            <Scope/>
            <IOProtocol>m_axi</IOProtocol>
            <IOConfig/>
            <Dir>out</Dir>
            <Bits>1</Bits>
            <Attribute>unknown</Attribute>
            <CType>int</CType>
          </RtlPorts>
          <RtlPorts>
            <name>m_axi_gmem_WID</name>
            <Object>gmem</Object>
            <Type>pointer</Type>
            <Scope/>
            <IOProtocol>m_axi</IOProtocol>
            <IOConfig/>
            <Dir>out</Dir>
            <Bits>1</Bits>
            <Attribute>unknown</Attribute>
            <CType>int</CType>
          </RtlPorts>
          <RtlPorts>
            <name>m_axi_gmem_WUSER</name>
            <Object>gmem</Object>
            <Type>pointer</Type>
            <Scope/>
            <IOProtocol>m_axi</IOProtocol>
            <IOConfig/>
            <Dir>out</Dir>
            <Bits>1</Bits>
            <Attribute>unknown</Attribute>
            <CType>int</CType>
          </RtlPorts>
          <RtlPorts>
            <name>m_axi_gmem_ARVALID</name>
            <Object>gmem</Object>
            <Type>pointer</Type>
            <Scope/>
            <IOProtocol>m_axi</IOProtocol>
            <IOConfig/>
            <Dir>out</Dir>
            <Bits>1</Bits>
            <Attribute>unknown</Attribute>
            <CType>int</CType>
          </RtlPorts>
          <RtlPorts>
            <name>m_axi_gmem_ARREADY</name>
            <Object>gmem</Object>
            <Type>pointer</Type>
            <Scope/>
            <IOProtocol>m_axi</IOProtocol>
            <IOConfig/>
            <Dir>in</Dir>
            <Bits>1</Bits>
            <Attribute>unknown</Attribute>
            <CType>int</CType>
          </RtlPorts>
          <RtlPorts>
            <name>m_axi_gmem_ARADDR</name>
            <Object>gmem</Object>
            <Type>pointer</Type>
            <Scope/>
            <IOProtocol>m_axi</IOProtocol>
            <IOConfig/>
            <Dir>out</Dir>
            <Bits>64</Bits>
            <Attribute>unknown</Attribute>
            <CType>int</CType>
          </RtlPorts>
          <RtlPorts>
            <name>m_axi_gmem_ARID</name>
            <Object>gmem</Object>
            <Type>pointer</Type>
            <Scope/>
            <IOProtocol>m_axi</IOProtocol>
            <IOConfig/>
            <Dir>out</Dir>
            <Bits>1</Bits>
            <Attribute>unknown</Attribute>
            <CType>int</CType>
          </RtlPorts>
          <RtlPorts>
            <name>m_axi_gmem_ARLEN</name>
            <Object>gmem</Object>
            <Type>pointer</Type>
            <Scope/>
            <IOProtocol>m_axi</IOProtocol>
            <IOConfig/>
            <Dir>out</Dir>
            <Bits>8</Bits>
            <Attribute>unknown</Attribute>
            <CType>int</CType>
          </RtlPorts>
          <RtlPorts>
            <name>m_axi_gmem_ARSIZE</name>
            <Object>gmem</Object>
            <Type>pointer</Type>
            <Scope/>
            <IOProtocol>m_axi</IOProtocol>
            <IOConfig/>
            <Dir>out</Dir>
            <Bits>3</Bits>
            <Attribute>unknown</Attribute>
            <CType>int</CType>
          </RtlPorts>
          <RtlPorts>
            <name>m_axi_gmem_ARBURST</name>
            <Object>gmem</Object>
            <Type>pointer</Type>
            <Scope/>
            <IOProtocol>m_axi</IOProtocol>
            <IOConfig/>
            <Dir>out</Dir>
            <Bits>2</Bits>
            <Attribute>unknown</Attribute>
            <CType>int</CType>
          </RtlPorts>
          <RtlPorts>
            <name>m_axi_gmem_ARLOCK</name>
            <Object>gmem</Object>
            <Type>pointer</Type>
            <Scope/>
            <IOProtocol>m_axi</IOProtocol>
            <IOConfig/>
            <Dir>out</Dir>
            <Bits>2</Bits>
            <Attribute>unknown</Attribute>
            <CType>int</CType>
          </RtlPorts>
          <RtlPorts>
            <name>m_axi_gmem_ARCACHE</name>
            <Object>gmem</Object>
            <Type>pointer</Type>
            <Scope/>
            <IOProtocol>m_axi</IOProtocol>
            <IOConfig/>
            <Dir>out</Dir>
            <Bits>4</Bits>
            <Attribute>unknown</Attribute>
            <CType>int</CType>
          </RtlPorts>
          <RtlPorts>
            <name>m_axi_gmem_ARPROT</name>
            <Object>gmem</Object>
            <Type>pointer</Type>
            <Scope/>
            <IOProtocol>m_axi</IOProtocol>
            <IOConfig/>
            <Dir>out</Dir>
            <Bits>3</Bits>
            <Attribute>unknown</Attribute>
            <CType>int</CType>
          </RtlPorts>
          <RtlPorts>
            <name>m_axi_gmem_ARQOS</name>
            <Object>gmem</Object>
            <Type>pointer</Type>
            <Scope/>
            <IOProtocol>m_axi</IOProtocol>
            <IOConfig/>
            <Dir>out</Dir>
            <Bits>4</Bits>
            <Attribute>unknown</Attribute>
            <CType>int</CType>
          </RtlPorts>
          <RtlPorts>
            <name>m_axi_gmem_ARREGION</name>
            <Object>gmem</Object>
            <Type>pointer</Type>
            <Scope/>
            <IOProtocol>m_axi</IOProtocol>
            <IOConfig/>
            <Dir>out</Dir>
            <Bits>4</Bits>
            <Attribute>unknown</Attribute>
            <CType>int</CType>
          </RtlPorts>
          <RtlPorts>
            <name>m_axi_gmem_ARUSER</name>
            <Object>gmem</Object>
            <Type>pointer</Type>
            <Scope/>
            <IOProtocol>m_axi</IOProtocol>
            <IOConfig/>
            <Dir>out</Dir>
            <Bits>1</Bits>
            <Attribute>unknown</Attribute>
            <CType>int</CType>
          </RtlPorts>
          <RtlPorts>
            <name>m_axi_gmem_RVALID</name>
            <Object>gmem</Object>
            <Type>pointer</Type>
            <Scope/>
            <IOProtocol>m_axi</IOProtocol>
            <IOConfig/>
            <Dir>in</Dir>
            <Bits>1</Bits>
            <Attribute>unknown</Attribute>
            <CType>int</CType>
          </RtlPorts>
          <RtlPorts>
            <name>m_axi_gmem_RREADY</name>
            <Object>gmem</Object>
            <Type>pointer</Type>
            <Scope/>
            <IOProtocol>m_axi</IOProtocol>
            <IOConfig/>
            <Dir>out</Dir>
            <Bits>1</Bits>
            <Attribute>unknown</Attribute>
            <CType>int</CType>
          </RtlPorts>
          <RtlPorts>
            <name>m_axi_gmem_RDATA</name>
            <Object>gmem</Object>
            <Type>pointer</Type>
            <Scope/>
            <IOProtocol>m_axi</IOProtocol>
            <IOConfig/>
            <Dir>in</Dir>
            <Bits>32</Bits>
            <Attribute>unknown</Attribute>
            <CType>int</CType>
          </RtlPorts>
          <RtlPorts>
            <name>m_axi_gmem_RLAST</name>
            <Object>gmem</Object>
            <Type>pointer</Type>
            <Scope/>
            <IOProtocol>m_axi</IOProtocol>
            <IOConfig/>
            <Dir>in</Dir>
            <Bits>1</Bits>
            <Attribute>unknown</Attribute>
            <CType>int</CType>
          </RtlPorts>
          <RtlPorts>
            <name>m_axi_gmem_RID</name>
            <Object>gmem</Object>
            <Type>pointer</Type>
            <Scope/>
            <IOProtocol>m_axi</IOProtocol>
            <IOConfig/>
            <Dir>in</Dir>
            <Bits>1</Bits>
            <Attribute>unknown</Attribute>
            <CType>int</CType>
          </RtlPorts>
          <RtlPorts>
            <name>m_axi_gmem_RUSER</name>
            <Object>gmem</Object>
            <Type>pointer</Type>
            <Scope/>
            <IOProtocol>m_axi</IOProtocol>
            <IOConfig/>
            <Dir>in</Dir>
            <Bits>1</Bits>
            <Attribute>unknown</Attribute>
            <CType>int</CType>
          </RtlPorts>
          <RtlPorts>
            <name>m_axi_gmem_RRESP</name>
            <Object>gmem</Object>
            <Type>pointer</Type>
            <Scope/>
            <IOProtocol>m_axi</IOProtocol>
            <IOConfig/>
            <Dir>in</Dir>
            <Bits>2</Bits>
            <Attribute>unknown</Attribute>
            <CType>int</CType>
          </RtlPorts>
          <RtlPorts>
            <name>m_axi_gmem_BVALID</name>
            <Object>gmem</Object>
            <Type>pointer</Type>
            <Scope/>
            <IOProtocol>m_axi</IOProtocol>
            <IOConfig/>
            <Dir>in</Dir>
            <Bits>1</Bits>
            <Attribute>unknown</Attribute>
            <CType>int</CType>
          </RtlPorts>
          <RtlPorts>
            <name>m_axi_gmem_BREADY</name>
            <Object>gmem</Object>
            <Type>pointer</Type>
            <Scope/>
            <IOProtocol>m_axi</IOProtocol>
            <IOConfig/>
            <Dir>out</Dir>
            <Bits>1</Bits>
            <Attribute>unknown</Attribute>
            <CType>int</CType>
          </RtlPorts>
          <RtlPorts>
            <name>m_axi_gmem_BRESP</name>
            <Object>gmem</Object>
            <Type>pointer</Type>
            <Scope/>
            <IOProtocol>m_axi</IOProtocol>
            <IOConfig/>
            <Dir>in</Dir>
            <Bits>2</Bits>
            <Attribute>unknown</Attribute>
            <CType>int</CType>
          </RtlPorts>
          <RtlPorts>
            <name>m_axi_gmem_BID</name>
            <Object>gmem</Object>
            <Type>pointer</Type>
            <Scope/>
            <IOProtocol>m_axi</IOProtocol>
            <IOConfig/>
            <Dir>in</Dir>
            <Bits>1</Bits>
            <Attribute>unknown</Attribute>
            <CType>int</CType>
          </RtlPorts>
          <RtlPorts>
            <name>m_axi_gmem_BUSER</name>
            <Object>gmem</Object>
            <Type>pointer</Type>
            <Scope/>
            <IOProtocol>m_axi</IOProtocol>
            <IOConfig/>
            <Dir>in</Dir>
            <Bits>1</Bits>
            <Attribute>unknown</Attribute>
            <CType>int</CType>
          </RtlPorts>
        </InterfaceSummary>
      </Module>
    </ModuleInformation>
  </profile>
</root>
